-- phpMyAdmin SQL Dump
-- version 5.2.0
-- https://www.phpmyadmin.net/
--
-- Host: 127.0.0.1
-- Waktu pembuatan: 13 Sep 2024 pada 14.11
-- Versi server: 10.4.27-MariaDB
-- Versi PHP: 7.4.33

SET SQL_MODE = "NO_AUTO_VALUE_ON_ZERO";
START TRANSACTION;
SET time_zone = "+00:00";


/*!40101 SET @OLD_CHARACTER_SET_CLIENT=@@CHARACTER_SET_CLIENT */;
/*!40101 SET @OLD_CHARACTER_SET_RESULTS=@@CHARACTER_SET_RESULTS */;
/*!40101 SET @OLD_COLLATION_CONNECTION=@@COLLATION_CONNECTION */;
/*!40101 SET NAMES utf8mb4 */;

--
-- Database: `tekom`
--

-- --------------------------------------------------------

--
-- Struktur dari tabel `settings`
--

CREATE TABLE `settings` (
  `logo` varchar(255) NOT NULL,
  `tentang` varchar(1000) NOT NULL,
  `no_tlp` varchar(100) NOT NULL,
  `alamat` varchar(255) NOT NULL,
  `email` varchar(100) NOT NULL
) ENGINE=InnoDB DEFAULT CHARSET=utf8mb4 COLLATE=utf8mb4_general_ci;

--
-- Dumping data untuk tabel `settings`
--

INSERT INTO `settings` (`logo`, `tentang`, `no_tlp`, `alamat`, `email`) VALUES
('', 'Di akhir abad ke-20 dan awal abad ke-21, perkembangan pesat teknologi informasi menyebabkan semua tingkat pendidikan, baik formal maupun informal, memasukkan mata pelajaran teknik informatika dan komputer dalam kurikulum mereka. Pada awal 2007, Jurusan Pendidikan Teknik Elektro Fakultas Teknik Universitas Negeri Makassar mengusulkan pendirian program studi baru untuk menyiapkan tenaga pendidik profesional di bidang TIK. Proposal pembukaan Program Studi Pendidikan Teknik Informatika dan Komputer (PTIK) disusun dan diajukan pada Agustus 2007, namun setelah direvisi sesuai arahan Dirjen Dikti, PTIK resmi didirikan pada 2008 untuk memenuhi kebutuhan tenaga pengajar di Indonesia Timur. Pada akhir 2010, dua program studi tambahan, Teknik Komputer (TEKOM) dan Mekatronika, juga disetujui. Akhirnya, pada 21 September 2020, Jurusan Teknik Informatika dan Komputer resmi dibentuk dengan menggabungkan PTIK dan TEKOM, dan Dr. Mustari Lamada diangkat sebagai pelaksana tugas ketua jurusan.', '0853-1122-4040', 'Jalan Daeng Tata Raya, Kampus Fakultas Teknik UNM, Parangtambung', 'tik@unm.ac.id');

-- --------------------------------------------------------

--
-- Struktur dari tabel `tb_admin`
--

CREATE TABLE `tb_admin` (
  `id_admin` int(11) NOT NULL,
  `name` varchar(255) NOT NULL,
  `username` varchar(100) NOT NULL,
  `password` varchar(100) NOT NULL
) ENGINE=InnoDB DEFAULT CHARSET=utf8mb4 COLLATE=utf8mb4_general_ci;

--
-- Dumping data untuk tabel `tb_admin`
--

INSERT INTO `tb_admin` (`id_admin`, `name`, `username`, `password`) VALUES
(1, 'administrtor', 'admin', 'admin'),
(2, 'Jusrawati', 'jusra', 'jusra');

-- --------------------------------------------------------

--
-- Struktur dari tabel `tb_clustering`
--

CREATE TABLE `tb_clustering` (
  `id_clustering` int(11) NOT NULL,
  `id_kriteria` int(11) NOT NULL,
  `c1` varchar(11) NOT NULL,
  `c2` varchar(11) NOT NULL,
  `c3` varchar(11) NOT NULL
) ENGINE=InnoDB DEFAULT CHARSET=utf8mb4 COLLATE=utf8mb4_general_ci;

--
-- Dumping data untuk tabel `tb_clustering`
--

INSERT INTO `tb_clustering` (`id_clustering`, `id_kriteria`, `c1`, `c2`, `c3`) VALUES
(1, 1, '4.00', '2.75', '2.75'),
(2, 2, '3.75', '2.75', '2.75'),
(3, 3, '3.50', '2.75', '2.75'),
(4, 4, '2.75', '4.00', '2.75'),
(5, 5, '2.75', '3.75', '2.75'),
(6, 6, '2.75', '3.50', '2.75'),
(7, 7, '2.75', '2.75', '4.00'),
(8, 8, '2.75', '2.75', '3.75'),
(9, 9, '2.75', '2.75', '3.50');

-- --------------------------------------------------------

--
-- Struktur dari tabel `tb_hasil_clustering`
--

CREATE TABLE `tb_hasil_clustering` (
  `id_mahasiswa` varchar(300) DEFAULT NULL,
  `nama_mahasiswa` varchar(300) DEFAULT NULL,
  `Rangkaian Elektronika` varchar(300) DEFAULT NULL,
  `Sistem Digital` varchar(300) DEFAULT NULL,
  `Sistem Mikroprosesor` varchar(300) DEFAULT NULL,
  `Jaringan Komputer` varchar(300) DEFAULT NULL,
  `Keamanan Informasi` varchar(100) DEFAULT NULL,
  `Logika Fuzzy` varchar(100) DEFAULT NULL,
  `Pemrograman Web` varchar(100) DEFAULT NULL,
  `Pemrograman Mobile` varchar(100) DEFAULT NULL,
  `Basis Data` varchar(100) DEFAULT NULL,
  `c1` varchar(300) DEFAULT NULL,
  `c2` varchar(300) DEFAULT NULL,
  `c3` varchar(300) DEFAULT NULL,
  `jarak` varchar(300) DEFAULT NULL,
  `Cluster` varchar(300) DEFAULT NULL
) ENGINE=InnoDB DEFAULT CHARSET=utf8mb4 COLLATE=utf8mb4_general_ci;

--
-- Dumping data untuk tabel `tb_hasil_clustering`
--

INSERT INTO `tb_hasil_clustering` (`id_mahasiswa`, `nama_mahasiswa`, `Rangkaian Elektronika`, `Sistem Digital`, `Sistem Mikroprosesor`, `Jaringan Komputer`, `Keamanan Informasi`, `Logika Fuzzy`, `Pemrograman Web`, `Pemrograman Mobile`, `Basis Data`, `c1`, `c2`, `c3`, `jarak`, `Cluster`) VALUES
('1', 'Arikta Dama Ilahi', '76', '72', '65', '62', NULL, NULL, NULL, NULL, NULL, '32.73543945848', '17.894878224416', '10.422553891903', '10.422553891903', 'B'),
('2', 'Aulia Dwi Safitri', '89', '85', '90', '85', NULL, NULL, NULL, NULL, NULL, '6.2466600072098', '54.524245371516', '29.317546256781', '6.2466600072098', 'A'),
('3', 'Aulia Ismi', '88', '86', '80', '78', NULL, NULL, NULL, NULL, NULL, '7.50824229911', '45.753251250594', '20.773023817406', '7.50824229911', 'A'),
('4', 'Aulia Nur Rohmah', '85', '85', '88', '85', NULL, NULL, NULL, NULL, NULL, '4.1113397070604', '51.705189939373', '26.53648780802', '4.1113397070604', 'A'),
('5', 'Alya Aisya Putri', '68', '60', '60', '55', NULL, NULL, NULL, NULL, NULL, '47.82895562878', '3.8764244693618', '24.611800843107', '3.8764244693618', 'C'),
('6', 'Fajriyah Mabruroh', '68', '65', '62', '60', NULL, NULL, NULL, NULL, NULL, '41.56451607489', '7.1898076005783', '18.177112185587', '7.1898076005783', 'C'),
('7', 'Fii Amrina Himmatul U', '83', '80', '81', '78', NULL, NULL, NULL, NULL, NULL, '7.8977023508198', '40.818623200691', '15.533714826026', '7.8977023508198', 'A'),
('8', 'Jessica Mutia Wardana', '78', '70', '75', '73', NULL, NULL, NULL, NULL, NULL, '21.216465499807', '28.369467155142', '6.1433493096796', '6.1433493096796', 'B'),
('9', 'Sausan EL Fatih Novianti', '65', '60', '58', '56', NULL, NULL, NULL, NULL, NULL, '49.556475769141', '1.3012814197295', '26.216336439257', '1.3012814197295', 'C'),
('10', 'Siflia Khusna Syafa', '68', '67', '60', '60', NULL, NULL, NULL, NULL, NULL, '41.871900546349', '7.8799323178142', '18.552228577322', '7.8799323178142', 'C'),
('11', 'Siti Faridatus Saniyah', '85', '80', '84', '80', NULL, NULL, NULL, NULL, NULL, '4.834635707284', '44.468265838311', '19.332375455198', '4.834635707284', 'A'),
('12', 'Uswatun Khasanah', '80', '78', '80', '78', NULL, NULL, NULL, NULL, NULL, '10.885373189789', '38.080966374293', '13.045504405165', '10.885373189789', 'A'),
('13', 'Zanuba Khanza Zakiyya', '89', '85', '87', '85', NULL, NULL, NULL, NULL, NULL, '4.3274292135881', '52.857292149081', '27.583543134482', '4.3274292135881', 'A'),
('14', 'Eisya Rahma Aulia', '75', '75', '70', '67', NULL, NULL, NULL, NULL, NULL, '25.96304267175', '23.337237768568', '3.6767538017276', '3.6767538017276', 'B'),
('15', 'Filza Nur Aini', '78', '75', '73', '70', NULL, NULL, NULL, NULL, NULL, '21.19982372454', '27.677186754919', '2.6176042198644', '2.6176042198644', 'B'),
('16', 'Iin Nur Kholidah', '85', '80', '80', '80', NULL, NULL, NULL, NULL, NULL, '6.9508905107715', '42.317372319179', '17.151827459055', '6.9508905107715', 'A'),
('17', 'Izzatul Laili', '55', '50', '50', '49', NULL, NULL, NULL, NULL, NULL, '66.883723924073', '18.551549800488', '43.675147607289', '18.551549800488', 'C'),
('18', 'Maknun Filsafah', '65', '60', '59', '55', NULL, NULL, NULL, NULL, NULL, '49.56715761658', '1.6613247725836', '26.233283919197', '1.6613247725836', 'C'),
('19', 'Musfirah Dalliah H Q', '70', '65', '68', '65', NULL, NULL, NULL, NULL, NULL, '34.871489231831', '14.413882197382', '12.145720172905', '12.145720172905', 'B'),
('20', 'Novia Rahmawati', '68', '60', '62', '60', NULL, NULL, NULL, NULL, NULL, '44.041660051242', '6.1122827159744', '21.012342052197', '6.1122827159744', 'C'),
('21', 'Nurus Saidah Al-fauzani', '75', '75', '70', '68', NULL, NULL, NULL, NULL, NULL, '25.372927839097', '23.816520876624', '3.0852096393144', '3.0852096393144', 'B'),
('22', 'Rizka Lailatul Hamidah', '90', '88', '85', '80', NULL, NULL, NULL, NULL, NULL, '6.3308439228184', '51.222000481564', '26.063313225611', '6.3308439228184', 'A'),
('23', 'Seila Viona Rosalina', '73', '70', '70', '68', NULL, NULL, NULL, NULL, NULL, '28.364593651424', '20.391828428728', '5.3713919845653', '5.3713919845653', 'B'),
('24', 'Umdatul Khoiriyah', '80', '78', '75', '70', NULL, NULL, NULL, NULL, NULL, '18.248856436656', '31.25742578439', '6.6136783064147', '6.6136783064147', 'B'),
('25', 'Umi Khusnul Kholifah', '78', '75', '70', '68', NULL, NULL, NULL, NULL, NULL, '24.201790090789', '25.255230481361', '3.4907284605344', '3.4907284605344', 'B'),
('26', 'Uswatun Khasanah', '85', '80', '80', '78', NULL, NULL, NULL, NULL, NULL, '7.9311483523416', '41.225720127125', '16.005785990859', '7.9311483523416', 'A'),
('27', 'Aisha Mutiara Yudha Sahila', '60', '55', '58', '55', NULL, NULL, NULL, NULL, NULL, '54.854005667009', '7.8162224465104', '31.811365311205', '7.8162224465104', 'C'),
('28', 'Alda Sayyidatul Fatimah', '70', '70', '72', '68', NULL, NULL, NULL, NULL, NULL, '28.916057966198', '20.604853797103', '7.208534037026', '7.208534037026', 'B'),
('29', 'Elsa Meiva Hasavila', '80', '78', '78', '75', NULL, NULL, NULL, NULL, NULL, '13.410603664915', '35.313264740982', '10.020349664927', '10.020349664927', 'B'),
('30', 'Husnatul Amini', '78', '75', '70', '67', NULL, NULL, NULL, NULL, NULL, '24.819765535671', '24.803763155349', '4.0230815533848', '4.0230815533848', 'B'),
('31', 'Idamatul Ezmi Azizah', '85', '85', '85', '83', NULL, NULL, NULL, NULL, NULL, '1.7880804886554', '48.941052978728', '23.654143791702', '1.7880804886554', 'A'),
('32', 'Isma Fitri Fatimatuz Zahro', '68', '66', '65', '62', NULL, NULL, NULL, NULL, NULL, '38.404467372779', '10.428806259587', '15.12785020589', '10.428806259587', 'C'),
('33', 'Istiqomatun Nisa’ A', '88', '85', '87', '85', NULL, NULL, NULL, NULL, NULL, '3.7522772785452', '52.405724878108', '27.128637322265', '3.7522772785452', 'A'),
('34', 'Nadila Auliatul Faizah', '73', '70', '70', '72', NULL, NULL, NULL, NULL, NULL, '26.521193457726', '22.939630918275', '5.7316535006795', '5.7316535006795', 'B'),
('35', 'Novelia Bilqis', '67', '66', '60', '58', NULL, NULL, NULL, NULL, NULL, '43.813342677086', '5.8731025304632', '20.433269892959', '5.8731025304632', 'C'),
('36', 'Nurul Kamalia', '78', '75', '74', '70', NULL, NULL, NULL, NULL, NULL, '20.644544844436', '28.208036679878', '3.1210159789307', '3.1210159789307', 'B'),
('37', 'Revalina Febrianti A', '90', '88', '90', '88', NULL, NULL, NULL, NULL, NULL, '9.2493336522357', '57.938127918208', '32.645684871675', '9.2493336522357', 'A'),
('38', 'Farasyifa Ulinajwa Jasmine', '77', '74', '72', '70', NULL, NULL, NULL, NULL, NULL, '22.592753837272', '26.190838092738', '1.1385500851066', '1.1385500851066', 'B'),
('39', 'Marta Rindra Mayang P', '63', '60', '56', '55', NULL, NULL, NULL, NULL, NULL, '52.070287870269', '3.56277045757', '28.700883971417', '3.56277045757', 'C'),
('40', 'Syafa Tirsyah Rahma I', '69', '67', '65', '60', NULL, NULL, NULL, NULL, NULL, '38.622877205079', '10.390380166288', '15.281312722359', '10.390380166288', 'C'),
('41', 'Rahayu Intan', '87', '85', '88', '87', NULL, NULL, NULL, NULL, NULL, '5.4414149391305', '53.644136057293', '28.459848259662', '5.4414149391305', 'A'),
('42', 'Fina Rodia', '59', '57', '50', '50', NULL, NULL, NULL, NULL, NULL, '61.24413678596', '12.765578717786', '37.861834589974', '12.765578717786', 'C'),
('43', 'Vera Kristina', '76', '75', '73', '70', NULL, NULL, NULL, NULL, NULL, '22.048546625673', '26.776108753887', '1.7533037597844', '1.7533037597844', 'B'),
('44', 'Elvi Erma', '85', '85', '87', '85', NULL, NULL, NULL, NULL, NULL, '3.4840218576378', '51.144501170703', '25.947953605175', '3.4840218576378', 'A'),
('45', 'Anti Wijaya', '68', '65', '60', '58', NULL, NULL, NULL, NULL, NULL, '43.802600608516', '5.5821142947811', '20.411507284609', '5.5821142947811', 'C'),
('46', 'Yuni Ernawati', '60', '58', '55', '50', NULL, NULL, NULL, NULL, NULL, '57.609922011637', '9.1484060542443', '34.243680141446', '9.1484060542443', 'C'),
('47', 'Adelia Florenza', '83', '80', '85', '83', NULL, NULL, NULL, NULL, NULL, '4.8950932285568', '45.867490302682', '20.948791178773', '4.8950932285568', 'A'),
('48', 'Yolanda', '78', '78', '75', '77', NULL, NULL, NULL, NULL, NULL, '15.28619704404', '34.090467875933', '9.3788572311856', '9.3788572311856', 'B'),
('49', 'Puput Dwi', '88', '88', '90', '87', NULL, NULL, NULL, NULL, NULL, '8.034312230078', '56.543434632148', '31.272399379692', '8.034312230078', 'A'),
('50', 'Nidaul Izah', '76', '75', '77', '71', NULL, NULL, NULL, NULL, NULL, '19.516739332861', '29.601126104705', '5.3506662790376', '5.3506662790376', 'B');

-- --------------------------------------------------------

--
-- Struktur dari tabel `tb_hasil_clustering_2`
--

CREATE TABLE `tb_hasil_clustering_2` (
  `id_mahasiswa` int(11) NOT NULL,
  `nama_mahasiswa` varchar(255) NOT NULL,
  `Rangkaian Elektronika` varchar(20) NOT NULL,
  `Sistem Digital` varchar(20) NOT NULL,
  `Sistem Mikroprosesor` varchar(20) NOT NULL,
  `Jaringan Komputer` varchar(20) NOT NULL,
  `Keamanan Informasi` varchar(20) NOT NULL,
  `Logika Fuzzy` varchar(20) NOT NULL,
  `Pemrograman Web` varchar(20) NOT NULL,
  `Pemrograman Mobile` varchar(20) NOT NULL,
  `Basis Data` varchar(20) NOT NULL,
  `c1` varchar(20) NOT NULL,
  `c2` varchar(20) NOT NULL,
  `c3` varchar(20) NOT NULL,
  `jarak` varchar(20) NOT NULL,
  `Cluster` varchar(20) NOT NULL
) ENGINE=InnoDB DEFAULT CHARSET=utf8mb4 COLLATE=utf8mb4_general_ci;

--
-- Dumping data untuk tabel `tb_hasil_clustering_2`
--

INSERT INTO `tb_hasil_clustering_2` (`id_mahasiswa`, `nama_mahasiswa`, `Rangkaian Elektronika`, `Sistem Digital`, `Sistem Mikroprosesor`, `Jaringan Komputer`, `Keamanan Informasi`, `Logika Fuzzy`, `Pemrograman Web`, `Pemrograman Mobile`, `Basis Data`, `c1`, `c2`, `c3`, `jarak`, `Cluster`) VALUES
(1, 'REZKY ARJUNA', '4.00', '3.00', '3.75', '4.00', '0.00', '3.25', '3.75', '4.00', '3.75', '', '', '', '', 'A'),
(2, 'AGUS SALIM', '4.00', '3.25', '4.00', '3.75', '4.00', '3.75', '4.00', '4.00', '4.00', '', '', '', '', 'C'),
(3, 'SASMITA', '4.00', '3.25', '4.00', '4.00', '4.00', '4.00', '4.00', '4.00', '4.00', '', '', '', '', 'C'),
(4, 'WULANDARI', '4.00', '3.75', '4.00', '4.00', '4.00', '4.00', '4.00', '4.00', '4.00', '', '', '', '', 'C'),
(5, 'MUHAMMAD RAFLI ADITYA. H', '4.00', '3.75', '4.00', '3.75', '4.00', '4.00', '4.00', '4.00', '3.75', '', '', '', '', 'C'),
(6, 'MUHAMMAD ILHAM', '4.00', '3.75', '4.00', '4.00', '4.00', '4.00', '4.00', '4.00', '3.75', '', '', '', '', 'C'),
(7, 'ZULKIFLY. S', '3.75', '3.75', '3.75', '3.75', '3.75', '4.00', '3.75', '4.00', '3.75', '', '', '', '', 'C'),
(8, 'MUHAMMAD LUTHFI', '3.00', '2.25', '4.00', '3.75', '3.75', '4.00', '4.00', '4.00', '3.75', '', '', '', '', 'C'),
(9, 'GALANG HARDY MUHADZDZIB', '4.00', '3.00', '4.00', '4.00', '3.75', '4.00', '4.00', '4.00', '4.00', '', '', '', '', 'C'),
(10, 'SRI ANNISA PUTRI', '3.75', '3.00', '4.00', '3.25', '3.75', '3.75', '4.00', '4.00', '3.75', '', '', '', '', 'C'),
(11, 'MUH. NUR HIDAYAT AL AMANAH MUSLIMIN', '4.00', '4.00', '4.00', '3.75', '3.75', '4.00', '4.00', '4.00', '3.75', '', '', '', '', 'C'),
(12, 'ABD. AZIS SYAM', '4.00', '3.00', '4.00', '3.75', '4.00', '4.00', '4.00', '4.00', '4.00', '', '', '', '', 'C'),
(13, 'MUH. HADAL ALI SAM', '4.00', '2.25', '3.75', '0.00', '4.00', '3.75', '4.00', '4.00', '3.00', '', '', '', '', 'A'),
(14, 'KHOYRUL WARITS DARWISY', '2.75', '2.25', '3.75', '3.25', '4.00', '4.00', '4.00', '4.00', '2.25', '', '', '', '', 'B'),
(15, 'AHMAD RAMLI', '3.75', '3.75', '4.00', '4.00', '4.00', '4.00', '4.00', '4.00', '4.00', '', '', '', '', 'C'),
(16, 'HAERUNNISYA MAKMUR', '4.00', '4.00', '3.75', '4.00', '4.00', '3.75', '4.00', '4.00', '4.00', '', '', '', '', 'C'),
(17, 'ANDI RACHMAT MARZUKI', '4.00', '3.75', '4.00', '3.75', '4.00', '4.00', '3.75', '4.00', '4.00', '', '', '', '', 'C'),
(18, 'INDANASUFYA', '3.00', '2.00', '3.75', '3.75', '4.00', '4.00', '3.75', '4.00', '3.25', '', '', '', '', 'B'),
(19, 'M. ALWI SHIHAB', '4.00', '3.25', '3.75', '2.00', '3.00', '2.75', '0.00', '4.00', '0.00', '', '', '', '', 'A'),
(20, 'NURTAWINDA', '4.00', '3.00', '4.00', '3.75', '4.00', '4.00', '4.00', '4.00', '4.00', '', '', '', '', 'C'),
(21, 'ANDI AULIA CAHYANA RESKY', '4.00', '3.25', '4.00', '4.00', '4.00', '4.00', '4.00', '4.00', '3.75', '', '', '', '', 'C'),
(22, 'YOKOGERI ABDULLAH WAHID', '4.00', '3.75', '3.75', '2.25', '4.00', '4.00', '4.00', '4.00', '3.75', '', '', '', '', 'C'),
(23, 'SITI ALFIRA AMALIA', '4.00', '2.00', '3.75', '0.00', '2.75', '4.00', '1.00', '4.00', '2.25', '', '', '', '', 'A'),
(24, 'MUHAMMAD AL MISRI HIDAYAT', '3.75', '3.25', '4.00', '3.00', '3.75', '3.75', '3.75', '4.00', '3.25', '', '', '', '', 'C'),
(25, 'ZAKY FACHRIANSYAH', '4.00', '3.25', '3.75', '3.75', '4.00', '3.75', '4.00', '4.00', '4.00', '', '', '', '', 'C'),
(26, 'MUH. RAFI AL ASRI', '3.75', '2.00', '3.75', '3.75', '3.75', '4.00', '4.00', '4.00', '3.25', '', '', '', '', 'C'),
(27, 'MUHAMMAD MIFTAH FARID', '4.00', '3.00', '3.75', '1.00', '4.00', '4.00', '4.00', '4.00', '3.75', '', '', '', '', 'C'),
(28, 'PUTRI ALYSIA AZIS', '3.75', '3.25', '4.00', '3.75', '4.00', '4.00', '3.25', '4.00', '2.25', '', '', '', '', 'C'),
(29, 'ANDI TENRIOLA', '4.00', '3.75', '3.75', '4.00', '4.00', '4.00', '4.00', '4.00', '4.00', '', '', '', '', 'C'),
(30, 'RISVAN', '4.00', '3.25', '4.00', '4.00', '4.00', '4.00', '4.00', '4.00', '4.00', '', '', '', '', 'C'),
(31, 'JESSICA CRISFIN LAPENDY', '4.00', '3.75', '3.75', '3.75', '4.00', '4.00', '4.00', '4.00', '4.00', '', '', '', '', 'C'),
(32, 'SAIFUL ARFIANSYAH', '2.25', '2.00', '4.00', '3.00', '4.00', '3.75', '3.25', '4.00', '0.00', '', '', '', '', 'B'),
(33, 'HAFIFA AULIAH SALEH', '3.75', '3.00', '3.75', '3.75', '3.75', '4.00', '4.00', '4.00', '3.75', '', '', '', '', 'C'),
(34, 'NUR FAIZIH ASPAR', '4.00', '4.00', '3.75', '3.75', '4.00', '4.00', '3.75', '4.00', '4.00', '', '', '', '', 'C'),
(35, 'A. MUHAMMAD AZLAM', '3.25', '2.25', '3.25', '0.00', '3.00', '0.00', '3.25', '4.00', '2.00', '', '', '', '', 'A'),
(36, 'NASHIRUDDIN SAHAL MUHTADI', '3.75', '2.00', '3.25', '4.00', '3.75', '4.00', '4.00', '4.00', '3.75', '', '', '', '', 'C'),
(37, 'MUH. ALIF AL-ASHAR', '2.75', '2.00', '3.25', '3.75', '2.00', '0.00', '4.00', '4.00', '2.00', '', '', '', '', 'A'),
(38, 'ANTIKA DIANA LIKU', '3.75', '2.00', '3.25', '3.75', '3.00', '4.00', '4.00', '4.00', '3.00', '', '', '', '', 'A'),
(39, 'DHAFFA MULYA RAHMAN', '4.00', '3.75', '3.25', '4.00', '4.00', '4.00', '3.75', '4.00', '0.00', '', '', '', '', 'A'),
(40, 'HUSNAWATI', '3.00', '0.00', '3.75', '2.00', '4.00', '3.25', '4.00', '4.00', '2.00', '', '', '', '', 'B'),
(41, 'NUR AISAH MUTIARA PANE', '3.00', '3.25', '3.25', '2.75', '2.00', '2.25', '4.00', '4.00', '0.00', '', '', '', '', 'A'),
(42, 'SASA AGUSTINA', '4.00', '3.75', '4.00', '4.00', '3.75', '4.00', '4.00', '4.00', '3.75', '', '', '', '', 'C'),
(43, 'ADILLAH NUGRAHA ABUBAKAR.M', '4.00', '3.75', '3.25', '3.00', '0.00', '0.00', '3.75', '4.00', '3.25', '', '', '', '', 'A'),
(44, 'MUHAMAD FAHRIL PRASETYA', '3.25', '3.00', '3.25', '3.25', '3.00', '3.75', '4.00', '4.00', '0.00', '', '', '', '', 'A'),
(45, 'FERNANDA S', '4.00', '3.75', '3.25', '4.00', '4.00', '4.00', '4.00', '4.00', '3.75', '', '', '', '', 'C'),
(46, 'INDRIANI', '4.00', '3.75', '4.00', '3.25', '4.00', '4.00', '3.75', '4.00', '3.75', '', '', '', '', 'C'),
(47, 'NURUL KHAERATUN HISAN', '4.00', '4.00', '4.00', '3.75', '3.75', '4.00', '3.75', '4.00', '4.00', '', '', '', '', 'C'),
(48, 'NUR FADIAH', '4.00', '3.75', '4.00', '4.00', '4.00', '4.00', '4.00', '4.00', '4.00', '', '', '', '', 'C'),
(49, 'AKBAR ABDURRAHMAN JAFARUDDIN', '4.00', '4.00', '4.00', '4.00', '4.00', '4.00', '4.00', '4.00', '4.00', '', '', '', '', 'C'),
(50, 'MUHARNI', '4.00', '3.25', '3.25', '3.75', '4.00', '4.00', '4.00', '4.00', '3.75', '', '', '', '', 'C'),
(51, 'MUH. ALFAJRI', '3.75', '3.00', '3.00', '0.00', '4.00', '3.25', '0.00', '4.00', '0.00', '', '', '', '', 'A'),
(52, 'AHMAD RAIHAN ASYAM', '4.00', '4.00', '3.25', '3.25', '4.00', '0.00', '3.25', '4.00', '3.00', '', '', '', '', 'A'),
(53, 'MUH. IKSAN ARDIANSYAH', '3.25', '2.25', '4.00', '2.75', '0.00', '0.00', '3.25', '4.00', '3.25', '', '', '', '', 'A'),
(54, 'ALIF TOMMY SAPUTRA', '4.00', '4.00', '4.00', '4.00', '0.00', '4.00', '4.00', '4.00', '4.00', '', '', '', '', 'C'),
(55, 'REZKI NURUL JARIAH S.INTAM', '4.00', '4.00', '4.00', '4.00', '4.00', '3.25', '4.00', '4.00', '4.00', '', '', '', '', 'C'),
(56, 'ANDI IRFANDIARI SYAIR', '3.25', '3.00', '3.00', '3.00', '4.00', '4.00', '4.00', '4.00', '2.75', '', '', '', '', 'C'),
(57, 'AHMAD DANI SETIAWAN', '4.00', '4.00', '3.25', '4.00', '4.00', '4.00', '3.75', '4.00', '4.00', '', '', '', '', 'C'),
(58, 'AHMAD FUAD', '4.00', '3.00', '4.00', '4.00', '3.75', '4.00', '3.75', '4.00', '4.00', '', '', '', '', 'C'),
(59, 'NUR ALISA', '4.00', '4.00', '4.00', '4.00', '4.00', '3.75', '4.00', '4.00', '4.00', '', '', '', '', 'C'),
(60, 'WIDIARTI AWALIAH', '4.00', '3.75', '2.00', '3.25', '3.25', '0.00', '4.00', '4.00', '3.00', '', '', '', '', 'A'),
(61, 'REZKY FAUZY RAMADHAN', '3.75', '2.00', '3.25', '3.75', '0.00', '3.75', '3.25', '4.00', '2.75', '', '', '', '', 'A'),
(62, 'NURUL FADILLAH', '3.75', '4.00', '3.25', '3.75', '4.00', '4.00', '4.00', '4.00', '3.75', '', '', '', '', 'C'),
(63, 'HAMZAH APRIANSYAH', '3.75', '3.00', '3.75', '3.25', '4.00', '3.75', '4.00', '4.00', '4.00', '', '', '', '', 'C'),
(64, 'ANDI MAWADDAH SUMARDI', '4.00', '4.00', '3.75', '4.00', '4.00', '4.00', '4.00', '4.00', '4.00', '', '', '', '', 'C'),
(65, 'NIRWANA ANANDA FITRI', '3.75', '2.25', '3.25', '4.00', '4.00', '4.00', '4.00', '4.00', '3.75', '', '', '', '', 'C'),
(66, 'SULFAHMI', '3.25', '3.00', '3.75', '3.25', '4.00', '4.00', '4.00', '4.00', '3.00', '', '', '', '', 'C'),
(67, 'ABDUL RIFAI WADJIDI', '3.75', '4.00', '3.75', '3.25', '4.00', '4.00', '4.00', '4.00', '3.25', '', '', '', '', 'C'),
(68, 'RISNA', '3.75', '4.00', '3.25', '3.75', '4.00', '4.00', '4.00', '3.75', '3.75', '', '', '', '', 'C'),
(69, 'RIVAL', '3.75', '4.00', '3.75', '4.00', '4.00', '4.00', '4.00', '4.00', '4.00', '', '', '', '', 'C'),
(70, 'CHICA DEWI UTAMI', '3.75', '3.00', '3.00', '3.00', '3.75', '4.00', '3.75', '4.00', '2.00', '', '', '', '', 'A'),
(71, 'KHUSNUL KHATIMAH', '3.25', '4.00', '3.25', '3.25', '3.75', '4.00', '4.00', '3.75', '3.00', '', '', '', '', 'C'),
(72, 'ANWAR HIDAYATULLAH', '3.75', '4.00', '3.75', '4.00', '4.00', '4.00', '4.00', '3.75', '2.75', '', '', '', '', 'C'),
(73, 'A. IVAN IFDAL', '2.75', '2.00', '3.25', '2.00', '3.25', '4.00', '4.00', '3.75', '0.00', '', '', '', '', 'A'),
(74, 'RHOBIYATUL ADHEWIYAH', '3.00', '0.00', '3.75', '2.75', '3.75', '4.00', '4.00', '3.25', '3.25', '', '', '', '', 'B'),
(75, 'SYAFIRA MAHDIAH', '3.75', '4.00', '3.25', '4.00', '3.75', '4.00', '4.00', '3.75', '3.25', '', '', '', '', 'C'),
(76, 'ALIFYA NURAISYAR AGLAIA', '3.75', '4.00', '3.75', '4.00', '4.00', '4.00', '4.00', '4.00', '4.00', '', '', '', '', 'C'),
(77, 'NOVERA BAYTIKHALISHAH', '3.75', '4.00', '4.00', '4.00', '4.00', '4.00', '4.00', '4.00', '4.00', '', '', '', '', 'C'),
(78, 'FIZRIATI NINGSIH', '3.25', '3.75', '3.75', '3.75', '3.75', '4.00', '4.00', '3.75', '3.25', '', '', '', '', 'C'),
(79, 'MUHAMMAD YASIR IHSAN', '3.75', '3.00', '3.25', '2.25', '4.00', '4.00', '4.00', '4.00', '2.25', '', '', '', '', 'A'),
(80, 'WULAN ANDRYANI', '3.75', '3.75', '3.25', '3.75', '4.00', '4.00', '4.00', '3.75', '3.00', '', '', '', '', 'C'),
(81, 'NURLELA', '3.75', '4.00', '4.00', '4.00', '4.00', '4.00', '4.00', '4.00', '3.75', '', '', '', '', 'C'),
(82, 'ANDI SRI AULIYA PUTRI', '2.75', '3.00', '3.00', '3.00', '4.00', '4.00', '3.75', '4.00', '3.00', '', '', '', '', 'C'),
(83, 'AINIL ASWARIAH', '4.00', '4.00', '3.75', '4.00', '4.00', '4.00', '4.00', '4.00', '4.00', '', '', '', '', 'C'),
(84, 'NURASMI SYAMSUDDIN', '3.25', '3.00', '3.75', '4.00', '4.00', '4.00', '4.00', '4.00', '3.25', '', '', '', '', 'C'),
(85, 'TEGAR ALEXANDER SURENTU', '3.00', '2.25', '3.75', '2.75', '4.00', '3.75', '4.00', '4.00', '3.00', '', '', '', '', 'B'),
(86, 'MUSDA RIDA MULIA', '4.00', '3.00', '3.75', '4.00', '3.25', '4.00', '4.00', '4.00', '3.75', '', '', '', '', 'C'),
(87, 'ADHYAKSA ASSHIDIQI', '3.25', '4.00', '3.75', '3.00', '4.00', '4.00', '4.00', '4.00', '2.25', '', '', '', '', 'C'),
(88, 'IBDA RAHAYU', '4.00', '3.25', '3.75', '4.00', '3.75', '4.00', '4.00', '4.00', '3.75', '', '', '', '', 'C'),
(89, 'WINDRIANI PAIPINAN', '3.75', '3.75', '3.25', '4.00', '4.00', '4.00', '4.00', '3.75', '3.75', '', '', '', '', 'C'),
(90, 'PUTRI MAHARANI', '3.00', '3.75', '3.75', '3.75', '3.75', '4.00', '4.00', '4.00', '3.00', '', '', '', '', 'C'),
(91, 'WD. NURISNAINI ANUGRAH', '3.00', '3.75', '3.00', '4.00', '4.00', '4.00', '3.75', '3.75', '3.75', '', '', '', '', 'C'),
(92, 'AWAL ANUGRAH', '3.75', '4.00', '3.75', '3.75', '3.75', '4.00', '4.00', '3.75', '4.00', '', '', '', '', 'C'),
(93, 'MUHAMMAD ISRA MALIK KADIR', '3.25', '4.00', '3.75', '2.25', '3.75', '2.75', '3.75', '3.25', '2.25', '', '', '', '', 'A'),
(94, 'ZULFADLI AGUNG MULYADI', '3.75', '3.75', '3.75', '3.25', '3.75', '3.75', '4.00', '3.75', '3.75', '', '', '', '', 'C'),
(95, 'A.MUHAMMAD SYAUKI', '3.25', '3.75', '3.75', '3.75', '3.25', '4.00', '4.00', '4.00', '4.00', '', '', '', '', 'C'),
(96, 'NURUL AZIZAH', '4.00', '4.00', '3.75', '4.00', '3.25', '4.00', '4.00', '3.75', '4.00', '', '', '', '', 'C'),
(97, 'BESSE ASRUNY ROSADA', '3.25', '3.75', '3.75', '4.00', '4.00', '4.00', '4.00', '3.75', '4.00', '', '', '', '', 'CB'),
(98, 'ANDI FADLI WARDHANA', '0.00', '2.00', '3.75', '2.75', '2.00', '4.00', '3.75', '3.00', '2.75', '', '', '', '', 'B'),
(99, 'SABILA AINI A. KARIM', '3.25', '4.00', '3.75', '3.75', '3.75', '3.25', '3.75', '4.00', '4.00', '', '', '', '', 'C'),
(100, 'FARHAN IBNU AKBAR', '4.00', '4.00', '4.00', '4.00', '3.75', '4.00', '4.00', '4.00', '3.75', '', '', '', '', 'C'),
(101, 'DEWI AMANDA', '3.75', '4.00', '4.00', '4.00', '4.00', '4.00', '4.00', '3.75', '4.00', '', '', '', '', 'C'),
(102, 'MUHAMMAD AMAR AMRI ASNUR', '3.25', '3.25', '4.00', '2.75', '2.00', '4.00', '3.75', '3.00', '2.00', '', '', '', '', 'A'),
(103, 'MUH. DADANG HAWARI', '3.75', '4.00', '4.00', '4.00', '4.00', '4.00', '4.00', '4.00', '4.00', '', '', '', '', 'C'),
(104, 'MUHAMMAD YASIN PUTRA AULIA MULFI', '3.25', '4.00', '4.00', '4.00', '3.75', '4.00', '4.00', '3.75', '3.75', '', '', '', '', 'C'),
(105, 'DINDA HARDI CHANTIKA AZHAR', '3.75', '4.00', '3.75', '4.00', '3.00', '4.00', '3.00', '3.75', '2.25', '', '', '', '', 'C'),
(106, 'ADELANI SUCIANA SYAHRAMI', '3.25', '3.25', '2.75', '3.25', '2.25', '4.00', '2.75', '3.75', '4.00', '', '', '', '', 'C'),
(107, 'NUR IKHZAN', '3.25', '3.75', '3.75', '3.75', '3.75', '4.00', '4.00', '3.75', '4.00', '', '', '', '', 'C'),
(108, 'RYANDRA MAULANA', '1.75', '2.00', '3.75', '2.75', '2.75', '4.00', '3.75', '4.00', '2.00', '', '', '', '', 'B'),
(109, 'AGIL KARTIKA HAMKA', '3.25', '2.25', '3.75', '2.75', '2.75', '4.00', '3.00', '3.25', '4.00', '', '', '', '', 'A'),
(110, 'ELIN', '3.00', '4.00', '4.00', '2.75', '3.75', '4.00', '4.00', '4.00', '3.75', '', '', '', '', 'C'),
(111, 'NOER ALAMSYAH A. RAMLI', '3.25', '4.00', '4.00', '3.75', '4.00', '4.00', '4.00', '3.75', '3.75', '', '', '', '', 'C'),
(112, 'INAYAH MUTHMAINNAH AKBAR', '2.75', '4.00', '4.00', '4.00', '4.00', '4.00', '4.00', '4.00', '4.00', '', '', '', '', 'C'),
(113, 'NURUL ASIZAH JALIL', '2.00', '2.25', '3.75', '4.00', '3.75', '4.00', '3.75', '3.75', '4.00', '', '', '', '', 'B'),
(114, 'DESTYFAINI DWI PUTRI P', '3.00', '3.75', '3.75', '3.75', '3.75', '4.00', '4.00', '3.75', '3.00', '', '', '', '', 'C'),
(115, 'MIFTAHUL HUDA', '3.75', '4.00', '4.00', '1.00', '3.75', '4.00', '4.00', '4.00', '2.75', '', '', '', '', 'C'),
(116, 'ADAM FATAHILLAH', '3.00', '3.00', '3.75', '3.75', '3.75', '4.00', '4.00', '4.00', '3.75', '', '', '', '', 'C'),
(117, 'NUR ANISA APRILIA', '3.25', '4.00', '3.25', '3.75', '3.25', '4.00', '4.00', '3.75', '4.00', '', '', '', '', 'C'),
(118, 'AGIED REZQYTA ABIDZAR', '2.25', '2.75', '3.75', '3.75', '0.00', '0.00', '4.00', '0.00', '4.00', '', '', '', '', 'A'),
(119, 'MUHAMMAD RAYHAN AL MALIK', '0.00', '4.00', '3.75', '4.00', '2.75', '4.00', '4.00', '3.75', '3.75', '', '', '', '', 'B'),
(120, 'JAMALUDIN FADLI', '3.00', '3.25', '2.75', '3.00', '3.00', '4.00', '2.75', '3.75', '4.00', '', '', '', '', 'C'),
(121, 'IKA REZKYWATI RAMADANI', '0.00', '2.25', '3.25', '3.00', '3.25', '4.00', '3.00', '3.75', '2.75', '', '', '', '', 'B'),
(122, 'MUHAMMAD FADLU RAHMAN', '4.00', '4.00', '4.00', '4.00', '4.00', '4.00', '4.00', '4.00', '4.00', '', '', '', '', 'C'),
(123, 'ANDI MUHAMMAD ASFIANDY', '3.25', '0.00', '3.75', '1.00', '4.00', '3.25', '3.00', '4.00', '2.75', '', '', '', '', 'B'),
(124, 'AIDIL MAULANA ASFAR', '0.00', '2.00', '3.75', '0.00', '4.00', '4.00', '3.25', '4.00', '1.75', '', '', '', '', 'B'),
(125, 'SINAR ARSILA', '3.25', '3.75', '3.25', '3.00', '4.00', '3.75', '4.00', '3.75', '3.00', '', '', '', '', 'C'),
(126, 'YERA NAFISY', '4.00', '4.00', '4.00', '4.00', '4.00', '3.75', '4.00', '4.00', '4.00', '', '', '', '', 'C'),
(127, 'PUTRI ANGRAENI', '4.00', '4.00', '3.75', '4.00', '4.00', '4.00', '4.00', '4.00', '4.00', '', '', '', '', 'C'),
(128, 'IQVHAN MUHQISAR', '3.75', '2.25', '4.00', '3.25', '4.00', '4.00', '4.00', '4.00', '3.00', '', '', '', '', 'C'),
(129, 'MUKHLISHAH AFDHALIYAH', '4.00', '3.00', '3.25', '3.75', '4.00', '4.00', '4.00', '4.00', '3.75', '', '', '', '', 'C'),
(130, 'EKA SABRINA MUSTAKIM', '4.00', '3.75', '4.00', '3.75', '4.00', '3.75', '4.00', '4.00', '4.00', '', '', '', '', 'C'),
(131, 'MUH NUR IRFAN', '3.75', '4.00', '3.00', '3.25', '4.00', '4.00', '4.00', '4.00', '3.00', '', '', '', '', 'C'),
(132, 'MUHAMMAD ARIEF MAULANA SAHABUD', '3.75', '3.25', '3.00', '3.25', '4.00', '3.75', '3.75', '4.00', '3.75', '', '', '', '', 'C'),
(133, 'NUR AULIA AMANDA', '4.00', '3.25', '3.75', '3.25', '4.00', '3.75', '3.75', '3.25', '4.00', '', '', '', '', 'C'),
(134, 'RACHMAT ALWI CESAR', '3.75', '3.00', '3.25', '3.00', '3.25', '3.00', '2.75', '0.00', '3.00', '', '', '', '', 'A'),
(135, 'ZAINAB ZAKIYAH ZAINAL', '3.75', '2.00', '2.00', '3.25', '4.00', '4.00', '4.00', '3.25', '3.00', '', '', '', '', 'A'),
(136, 'FAHRIANSYAH FITRIADY', '4.00', '3.00', '3.25', '2.75', '4.00', '3.75', '3.00', '4.00', '3.75', '', '', '', '', 'C'),
(137, 'RAHMATULLAH.T', '3.25', '2.25', '3.00', '0.00', '4.00', '0.00', '3.25', '0.00', '2.75', '', '', '', '', 'A'),
(138, 'PUTRI ANGRAENI BADAR', '3.75', '3.00', '4.00', '1.00', '4.00', '4.00', '4.00', '4.00', '4.00', '', '', '', '', 'C'),
(139, 'MUHAMMAD AHSIN THAHIR', '0.00', '2.00', '2.00', '3.25', '4.00', '3.75', '2.75', '4.00', '3.25', '', '', '', '', 'B'),
(140, 'MUHAMMAD NAUFAL MAZINI', '3.75', '2.25', '0.00', '1.75', '3.75', '4.00', '2.75', '0.00', '3.25', '', '', '', '', 'A'),
(141, 'AHMAD ALBAR', '4.00', '2.25', '3.00', '1.00', '4.00', '3.75', '3.00', '4.00', '3.00', '', '', '', '', 'A'),
(142, 'MUHAMMAD AKRAM', '4.00', '2.25', '3.75', '3.75', '4.00', '4.00', '4.00', '4.00', '3.25', '', '', '', '', 'C'),
(143, 'RAODATUL FADILAH', '4.00', '2.25', '3.75', '4.00', '4.00', '3.75', '3.75', '4.00', '3.75', '', '', '', '', 'C'),
(144, 'A.HAERUL FAJAR.S', '3.75', '3.00', '3.00', '3.00', '4.00', '4.00', '4.00', '4.00', '4.00', '', '', '', '', 'C'),
(145, 'FITRA SYAFIRA', '4.00', '3.25', '3.25', '3.00', '4.00', '4.00', '3.75', '4.00', '4.00', '', '', '', '', 'C'),
(146, 'RADEN HABIB MUHLISIN', '4.00', '4.00', '4.00', '4.00', '4.00', '4.00', '4.00', '4.00', '4.00', '', '', '', '', 'C');

-- --------------------------------------------------------

--
-- Struktur dari tabel `tb_kriteria`
--

CREATE TABLE `tb_kriteria` (
  `id_kriteria` int(11) NOT NULL,
  `jenis_kriteria` varchar(255) NOT NULL
) ENGINE=InnoDB DEFAULT CHARSET=utf8mb4 COLLATE=utf8mb4_general_ci;

--
-- Dumping data untuk tabel `tb_kriteria`
--

INSERT INTO `tb_kriteria` (`id_kriteria`, `jenis_kriteria`) VALUES
(1, 'Rangkaian Elektronika'),
(2, 'Sistem Digital'),
(3, 'Sistem Mikroprosesor'),
(4, 'Jaringan Komputer'),
(5, 'Keamanan Informasi'),
(6, 'Logika Fuzzy'),
(7, 'Pemrograman Web'),
(8, 'Pemrograman Mobile'),
(9, 'Basis Data');

-- --------------------------------------------------------

--
-- Struktur dari tabel `tb_mahasiswa_2`
--

CREATE TABLE `tb_mahasiswa_2` (
  `id_mahasiswa` int(11) NOT NULL,
  `nama_mahasiswa` varchar(255) NOT NULL,
  `tempat_lahir` varchar(255) NOT NULL,
  `tanggal_lahir` varchar(100) NOT NULL,
  `no_hp` varchar(20) NOT NULL,
  `alamat` varchar(255) DEFAULT NULL,
  `Rangkaian Elektronika` varchar(20) NOT NULL,
  `Sistem Digital` varchar(20) NOT NULL,
  `Sistem Mikroprosesor` varchar(20) NOT NULL,
  `Jaringan Komputer` varchar(20) NOT NULL,
  `Keamanan Informasi` varchar(20) NOT NULL,
  `Logika Fuzzy` varchar(20) NOT NULL,
  `Pemrograman Web` varchar(20) NOT NULL,
  `Pemrograman Mobile` varchar(20) NOT NULL,
  `Basis Data` varchar(20) NOT NULL
) ENGINE=InnoDB DEFAULT CHARSET=utf8mb4 COLLATE=utf8mb4_general_ci;

--
-- Dumping data untuk tabel `tb_mahasiswa_2`
--

INSERT INTO `tb_mahasiswa_2` (`id_mahasiswa`, `nama_mahasiswa`, `tempat_lahir`, `tanggal_lahir`, `no_hp`, `alamat`, `Rangkaian Elektronika`, `Sistem Digital`, `Sistem Mikroprosesor`, `Jaringan Komputer`, `Keamanan Informasi`, `Logika Fuzzy`, `Pemrograman Web`, `Pemrograman Mobile`, `Basis Data`) VALUES
(1, 'REZKY ARJUNA', '', '', '', '', '4.00', '3.00', '3.75', '4.00', '0.00', '3.25', '3.75', '4.00', '3.75'),
(2, 'AGUS SALIM', '', '', '', '', '4.00', '3.25', '4.00', '3.75', '4.00', '3.75', '4.00', '4.00', '4.00'),
(3, 'SASMITA', '', '', '', '', '4.00', '3.25', '4.00', '4.00', '4.00', '4.00', '4.00', '4.00', '4.00'),
(4, 'WULANDARI', '', '', '', NULL, '4.00', '3.75', '4.00', '4.00', '4.00', '4.00', '4.00', '4.00', '4.00'),
(5, 'MUHAMMAD RAFLI ADITYA. H', '', '', '', NULL, '4.00', '3.75', '4.00', '3.75', '4.00', '4.00', '4.00', '4.00', '3.75'),
(6, 'MUHAMMAD ILHAM', '', '', '', NULL, '4.00', '3.75', '4.00', '4.00', '4.00', '4.00', '4.00', '4.00', '3.75'),
(7, 'ZULKIFLY. S', '', '', '', NULL, '3.75', '3.75', '3.75', '3.75', '3.75', '4.00', '3.75', '4.00', '3.75'),
(8, 'MUHAMMAD LUTHFI', '', '', '', NULL, '3.00', '2.25', '4.00', '3.75', '3.75', '4.00', '4.00', '4.00', '3.75'),
(9, 'GALANG HARDY MUHADZDZIB', '', '', '', NULL, '4.00', '3.00', '4.00', '4.00', '3.75', '4.00', '4.00', '4.00', '4.00'),
(10, 'SRI ANNISA PUTRI', '', '', '', NULL, '3.75', '3.00', '4.00', '3.25', '3.75', '3.75', '4.00', '4.00', '3.75'),
(11, 'MUH. NUR HIDAYAT AL AMANAH MUSLIMIN', '', '', '', NULL, '4.00', '4.00', '4.00', '3.75', '3.75', '4.00', '4.00', '4.00', '3.75'),
(12, 'ABD. AZIS SYAM', '', '', '', NULL, '4.00', '3.00', '4.00', '3.75', '4.00', '4.00', '4.00', '4.00', '4.00'),
(13, 'MUH. HADAL ALI SAM', '', '', '', NULL, '4.00', '2.25', '3.75', '0.00', '4.00', '3.75', '4.00', '4.00', '3.00'),
(14, 'KHOYRUL WARITS DARWISY', '', '', '', NULL, '2.75', '2.25', '3.75', '3.25', '4.00', '4.00', '4.00', '4.00', '2.25'),
(15, 'AHMAD RAMLI', '', '', '', NULL, '3.75', '3.75', '4.00', '4.00', '4.00', '4.00', '4.00', '4.00', '4.00'),
(16, 'HAERUNNISYA MAKMUR', '', '', '', NULL, '4.00', '4.00', '3.75', '4.00', '4.00', '3.75', '4.00', '4.00', '4.00'),
(17, 'ANDI RACHMAT MARZUKI', '', '', '', NULL, '4.00', '3.75', '4.00', '3.75', '4.00', '4.00', '3.75', '4.00', '4.00'),
(18, 'INDANASUFYA', '', '', '', NULL, '3.00', '2.00', '3.75', '3.75', '4.00', '4.00', '3.75', '4.00', '3.25'),
(19, 'M. ALWI SHIHAB', '', '', '', NULL, '4.00', '3.25', '3.75', '2.00', '3.00', '2.75', '0.00', '4.00', '0.00'),
(20, 'NURTAWINDA', '', '', '', NULL, '4.00', '3.00', '4.00', '3.75', '4.00', '4.00', '4.00', '4.00', '4.00'),
(21, 'ANDI AULIA CAHYANA RESKY', '', '', '', NULL, '4.00', '3.25', '4.00', '4.00', '4.00', '4.00', '4.00', '4.00', '3.75'),
(22, 'YOKOGERI ABDULLAH WAHID', '', '', '', NULL, '4.00', '3.75', '3.75', '2.25', '4.00', '4.00', '4.00', '4.00', '3.75'),
(23, 'SITI ALFIRA AMALIA', '', '', '', NULL, '4.00', '2.00', '3.75', '0.00', '2.75', '4.00', '1.00', '4.00', '2.25'),
(24, 'MUHAMMAD AL MISRI HIDAYAT', '', '', '', NULL, '3.75', '3.25', '4.00', '3.00', '3.75', '3.75', '3.75', '4.00', '3.25'),
(25, 'ZAKY FACHRIANSYAH', '', '', '', NULL, '4.00', '3.25', '3.75', '3.75', '4.00', '3.75', '4.00', '4.00', '4.00'),
(26, 'MUH. RAFI AL ASRI', '', '', '', NULL, '3.75', '2.00', '3.75', '3.75', '3.75', '4.00', '4.00', '4.00', '3.25'),
(27, 'MUHAMMAD MIFTAH FARID', '', '', '', NULL, '4.00', '3.00', '3.75', '1.00', '4.00', '4.00', '4.00', '4.00', '3.75'),
(28, 'PUTRI ALYSIA AZIS', '', '', '', NULL, '3.75', '3.25', '4.00', '3.75', '4.00', '4.00', '3.25', '4.00', '2.25'),
(29, 'ANDI TENRIOLA', '', '', '', NULL, '4.00', '3.75', '3.75', '4.00', '4.00', '4.00', '4.00', '4.00', '4.00'),
(30, 'RISVAN', '', '', '', NULL, '4.00', '3.25', '4.00', '4.00', '4.00', '4.00', '4.00', '4.00', '4.00'),
(31, 'JESSICA CRISFIN LAPENDY', '', '', '', NULL, '4.00', '3.75', '3.75', '3.75', '4.00', '4.00', '4.00', '4.00', '4.00'),
(32, 'SAIFUL ARFIANSYAH', '', '', '', NULL, '2.25', '2.00', '4.00', '3.00', '4.00', '3.75', '3.25', '4.00', '0.00'),
(33, 'HAFIFA AULIAH SALEH', '', '', '', NULL, '3.75', '3.00', '3.75', '3.75', '3.75', '4.00', '4.00', '4.00', '3.75'),
(34, 'NUR FAIZIH ASPAR', '', '', '', NULL, '4.00', '4.00', '3.75', '3.75', '4.00', '4.00', '3.75', '4.00', '4.00'),
(35, 'A. MUHAMMAD AZLAM', '', '', '', NULL, '3.25', '2.25', '3.25', '0.00', '3.00', '0.00', '3.25', '4.00', '2.00'),
(36, 'NASHIRUDDIN SAHAL MUHTADI', '', '', '', NULL, '3.75', '2.00', '3.25', '4.00', '3.75', '4.00', '4.00', '4.00', '3.75'),
(37, 'MUH. ALIF AL-ASHAR', '', '', '', NULL, '2.75', '2.00', '3.25', '3.75', '2.00', '0.00', '4.00', '4.00', '2.00'),
(38, 'ANTIKA DIANA LIKU', '', '', '', NULL, '3.75', '2.00', '3.25', '3.75', '3.00', '4.00', '4.00', '4.00', '3.00'),
(39, 'DHAFFA MULYA RAHMAN', '', '', '', NULL, '4.00', '3.75', '3.25', '4.00', '4.00', '4.00', '3.75', '4.00', '0.00'),
(40, 'HUSNAWATI', '', '', '', NULL, '3.00', '0.00', '3.75', '2.00', '4.00', '3.25', '4.00', '4.00', '2.00'),
(41, 'NUR AISAH MUTIARA PANE', '', '', '', NULL, '3.00', '3.25', '3.25', '2.75', '2.00', '2.25', '4.00', '4.00', '0.00'),
(42, 'SASA AGUSTINA', '', '', '', NULL, '4.00', '3.75', '4.00', '4.00', '3.75', '4.00', '4.00', '4.00', '3.75'),
(43, 'ADILLAH NUGRAHA ABUBAKAR.M', '', '', '', NULL, '4.00', '3.75', '3.25', '3.00', '0.00', '0.00', '3.75', '4.00', '3.25'),
(44, 'MUHAMAD FAHRIL PRASETYA', '', '', '', NULL, '3.25', '3.00', '3.25', '3.25', '3.00', '3.75', '4.00', '4.00', '0.00'),
(45, 'FERNANDA S', '', '', '', NULL, '4.00', '3.75', '3.25', '4.00', '4.00', '4.00', '4.00', '4.00', '3.75'),
(46, 'INDRIANI', '', '', '', NULL, '4.00', '3.75', '4.00', '3.25', '4.00', '4.00', '3.75', '4.00', '3.75'),
(47, 'NURUL KHAERATUN HISAN', '', '', '', NULL, '4.00', '4.00', '4.00', '3.75', '3.75', '4.00', '3.75', '4.00', '4.00'),
(48, 'NUR FADIAH', '', '', '', NULL, '4.00', '3.75', '4.00', '4.00', '4.00', '4.00', '4.00', '4.00', '4.00'),
(49, 'AKBAR ABDURRAHMAN JAFARUDDIN', '', '', '', NULL, '4.00', '4.00', '4.00', '4.00', '4.00', '4.00', '4.00', '4.00', '4.00'),
(50, 'MUHARNI', '', '', '', NULL, '4.00', '3.25', '3.25', '3.75', '4.00', '4.00', '4.00', '4.00', '3.75'),
(51, 'MUH. ALFAJRI', '', '', '', NULL, '3.75', '3.00', '3.00', '0.00', '4.00', '3.25', '0.00', '4.00', '0.00'),
(52, 'AHMAD RAIHAN ASYAM', '', '', '', NULL, '4.00', '4.00', '3.25', '3.25', '4.00', '0.00', '3.25', '4.00', '3.00'),
(53, 'MUH. IKSAN ARDIANSYAH', '', '', '', NULL, '3.25', '2.25', '4.00', '2.75', '0.00', '0.00', '3.25', '4.00', '3.25'),
(54, 'ALIF TOMMY SAPUTRA', '', '', '', NULL, '4.00', '4.00', '4.00', '4.00', '0.00', '4.00', '4.00', '4.00', '4.00'),
(55, 'REZKI NURUL JARIAH S.INTAM', '', '', '', NULL, '4.00', '4.00', '4.00', '4.00', '4.00', '3.25', '4.00', '4.00', '4.00'),
(56, 'ANDI IRFANDIARI SYAIR', '', '', '', NULL, '3.25', '3.00', '3.00', '3.00', '4.00', '4.00', '4.00', '4.00', '2.75'),
(57, 'AHMAD DANI SETIAWAN', '', '', '', NULL, '4.00', '4.00', '3.25', '4.00', '4.00', '4.00', '3.75', '4.00', '4.00'),
(58, 'AHMAD FUAD', '', '', '', NULL, '4.00', '3.00', '4.00', '4.00', '3.75', '4.00', '3.75', '4.00', '4.00'),
(59, 'NUR ALISA', '', '', '', NULL, '4.00', '4.00', '4.00', '4.00', '4.00', '3.75', '4.00', '4.00', '4.00'),
(60, 'WIDIARTI AWALIAH', '', '', '', NULL, '4.00', '3.75', '2.00', '3.25', '3.25', '0.00', '4.00', '4.00', '3.00'),
(61, 'REZKY FAUZY RAMADHAN', '', '', '', NULL, '3.75', '2.00', '3.25', '3.75', '0.00', '3.75', '3.25', '4.00', '2.75'),
(62, 'NURUL FADILLAH', '', '', '', NULL, '3.75', '4.00', '3.25', '3.75', '4.00', '4.00', '4.00', '4.00', '3.75'),
(63, 'HAMZAH APRIANSYAH', '', '', '', NULL, '3.75', '3.00', '3.75', '3.25', '4.00', '3.75', '4.00', '4.00', '4.00'),
(64, 'ANDI MAWADDAH SUMARDI', '', '', '', NULL, '4.00', '4.00', '3.75', '4.00', '4.00', '4.00', '4.00', '4.00', '4.00'),
(65, 'NIRWANA ANANDA FITRI', '', '', '', NULL, '3.75', '2.25', '3.25', '4.00', '4.00', '4.00', '4.00', '4.00', '3.75'),
(66, 'SULFAHMI', '', '', '', NULL, '3.25', '3.00', '3.75', '3.25', '4.00', '4.00', '4.00', '4.00', '3.00'),
(67, 'ABDUL RIFAI WADJIDI', '', '', '', NULL, '3.75', '4.00', '3.75', '3.25', '4.00', '4.00', '4.00', '4.00', '3.25'),
(68, 'RISNA', '', '', '', NULL, '3.75', '4.00', '3.25', '3.75', '4.00', '4.00', '4.00', '3.75', '3.75'),
(69, 'RIVAL', '', '', '', NULL, '3.75', '4.00', '3.75', '4.00', '4.00', '4.00', '4.00', '4.00', '4.00'),
(70, 'CHICA DEWI UTAMI', '', '', '', NULL, '3.75', '3.00', '3.00', '3.00', '3.75', '4.00', '3.75', '4.00', '2.00'),
(71, 'KHUSNUL KHATIMAH', '', '', '', NULL, '3.25', '4.00', '3.25', '3.25', '3.75', '4.00', '4.00', '3.75', '3.00'),
(72, 'ANWAR HIDAYATULLAH', '', '', '', NULL, '3.75', '4.00', '3.75', '4.00', '4.00', '4.00', '4.00', '3.75', '2.75'),
(73, 'A. IVAN IFDAL', '', '', '', NULL, '2.75', '2.00', '3.25', '2.00', '3.25', '4.00', '4.00', '3.75', '0.00'),
(74, 'RHOBIYATUL ADHEWIYAH', '', '', '', NULL, '3.00', '0.00', '3.75', '2.75', '3.75', '4.00', '4.00', '3.25', '3.25'),
(75, 'SYAFIRA MAHDIAH', '', '', '', NULL, '3.75', '4.00', '3.25', '4.00', '3.75', '4.00', '4.00', '3.75', '3.25'),
(76, 'ALIFYA NURAISYAR AGLAIA', '', '', '', NULL, '3.75', '4.00', '3.75', '4.00', '4.00', '4.00', '4.00', '4.00', '4.00'),
(77, 'NOVERA BAYTIKHALISHAH', '', '', '', NULL, '3.75', '4.00', '4.00', '4.00', '4.00', '4.00', '4.00', '4.00', '4.00'),
(78, 'FIZRIATI NINGSIH', '', '', '', NULL, '3.25', '3.75', '3.75', '3.75', '3.75', '4.00', '4.00', '3.75', '3.25'),
(79, 'MUHAMMAD YASIR IHSAN', '', '', '', NULL, '3.75', '3.00', '3.25', '2.25', '4.00', '4.00', '4.00', '4.00', '2.25'),
(80, 'WULAN ANDRYANI', '', '', '', NULL, '3.75', '3.75', '3.25', '3.75', '4.00', '4.00', '4.00', '3.75', '3.00'),
(81, 'NURLELA', '', '', '', NULL, '3.75', '4.00', '4.00', '4.00', '4.00', '4.00', '4.00', '4.00', '3.75'),
(82, 'ANDI SRI AULIYA PUTRI', '', '', '', NULL, '2.75', '3.00', '3.00', '3.00', '4.00', '4.00', '3.75', '4.00', '3.00'),
(83, 'AINIL ASWARIAH', '', '', '', NULL, '4.00', '4.00', '3.75', '4.00', '4.00', '4.00', '4.00', '4.00', '4.00'),
(84, 'NURASMI SYAMSUDDIN', '', '', '', NULL, '3.25', '3.00', '3.75', '4.00', '4.00', '4.00', '4.00', '4.00', '3.25'),
(85, 'TEGAR ALEXANDER SURENTU', '', '', '', NULL, '3.00', '2.25', '3.75', '2.75', '4.00', '3.75', '4.00', '4.00', '3.00'),
(86, 'MUSDA RIDA MULIA', '', '', '', NULL, '4.00', '3.00', '3.75', '4.00', '3.25', '4.00', '4.00', '4.00', '3.75'),
(87, 'ADHYAKSA ASSHIDIQI', '', '', '', NULL, '3.25', '4.00', '3.75', '3.00', '4.00', '4.00', '4.00', '4.00', '2.25'),
(88, 'IBDA RAHAYU', '', '', '', NULL, '4.00', '3.25', '3.75', '4.00', '3.75', '4.00', '4.00', '4.00', '3.75'),
(89, 'WINDRIANI PAIPINAN', '', '', '', NULL, '3.75', '3.75', '3.25', '4.00', '4.00', '4.00', '4.00', '3.75', '3.75'),
(90, 'PUTRI MAHARANI', '', '', '', NULL, '3.00', '3.75', '3.75', '3.75', '3.75', '4.00', '4.00', '4.00', '3.00'),
(91, 'WD. NURISNAINI ANUGRAH', '', '', '', NULL, '3.00', '3.75', '3.00', '4.00', '4.00', '4.00', '3.75', '3.75', '3.75'),
(92, 'AWAL ANUGRAH', '', '', '', NULL, '3.75', '4.00', '3.75', '3.75', '3.75', '4.00', '4.00', '3.75', '4.00'),
(93, 'MUHAMMAD ISRA MALIK KADIR', '', '', '', NULL, '3.25', '4.00', '3.75', '2.25', '3.75', '2.75', '3.75', '3.25', '2.25'),
(94, 'ZULFADLI AGUNG MULYADI', '', '', '', NULL, '3.75', '3.75', '3.75', '3.25', '3.75', '3.75', '4.00', '3.75', '3.75'),
(95, 'A.MUHAMMAD SYAUKI', '', '', '', NULL, '3.25', '3.75', '3.75', '3.75', '3.25', '4.00', '4.00', '4.00', '4.00'),
(96, 'NURUL AZIZAH', '', '', '', NULL, '4.00', '4.00', '3.75', '4.00', '3.25', '4.00', '4.00', '3.75', '4.00'),
(97, 'BESSE ASRUNY ROSADA', '', '', '', NULL, '3.25', '3.75', '3.75', '4.00', '4.00', '4.00', '4.00', '3.75', '4.00'),
(98, 'ANDI FADLI WARDHANA', '', '', '', NULL, '0.00', '2.00', '3.75', '2.75', '2.00', '4.00', '3.75', '3.00', '2.75'),
(99, 'SABILA AINI A. KARIM', '', '', '', NULL, '3.25', '4.00', '3.75', '3.75', '3.75', '3.25', '3.75', '4.00', '4.00'),
(100, 'FARHAN IBNU AKBAR', '', '', '', NULL, '4.00', '4.00', '4.00', '4.00', '3.75', '4.00', '4.00', '4.00', '3.75'),
(101, 'DEWI AMANDA', '', '', '', NULL, '3.75', '4.00', '4.00', '4.00', '4.00', '4.00', '4.00', '3.75', '4.00'),
(102, 'MUHAMMAD AMAR AMRI ASNUR', '', '', '', NULL, '3.25', '3.25', '4.00', '2.75', '2.00', '4.00', '3.75', '3.00', '2.00'),
(103, 'MUH. DADANG HAWARI', '', '', '', NULL, '3.75', '4.00', '4.00', '4.00', '4.00', '4.00', '4.00', '4.00', '4.00'),
(104, 'MUHAMMAD YASIN PUTRA AULIA MULFI', '', '', '', NULL, '3.25', '4.00', '4.00', '4.00', '3.75', '4.00', '4.00', '3.75', '3.75'),
(105, 'DINDA HARDI CHANTIKA AZHAR', '', '', '', NULL, '3.75', '4.00', '3.75', '4.00', '3.00', '4.00', '3.00', '3.75', '2.25'),
(106, 'ADELANI SUCIANA SYAHRAMI', '', '', '', NULL, '3.25', '3.25', '2.75', '3.25', '2.25', '4.00', '2.75', '3.75', '4.00'),
(107, 'NUR IKHZAN', '', '', '', NULL, '3.25', '3.75', '3.75', '3.75', '3.75', '4.00', '4.00', '3.75', '4.00'),
(108, 'RYANDRA MAULANA', '', '', '', NULL, '1.75', '2.00', '3.75', '2.75', '2.75', '4.00', '3.75', '4.00', '2.00'),
(109, 'AGIL KARTIKA HAMKA', '', '', '', NULL, '3.25', '2.25', '3.75', '2.75', '2.75', '4.00', '3.00', '3.25', '4.00'),
(110, 'ELIN', '', '', '', NULL, '3.00', '4.00', '4.00', '2.75', '3.75', '4.00', '4.00', '4.00', '3.75'),
(111, 'NOER ALAMSYAH A. RAMLI', '', '', '', NULL, '3.25', '4.00', '4.00', '3.75', '4.00', '4.00', '4.00', '3.75', '3.75'),
(112, 'INAYAH MUTHMAINNAH AKBAR', '', '', '', NULL, '2.75', '4.00', '4.00', '4.00', '4.00', '4.00', '4.00', '4.00', '4.00'),
(113, 'NURUL ASIZAH JALIL', '', '', '', NULL, '2.00', '2.25', '3.75', '4.00', '3.75', '4.00', '3.75', '3.75', '4.00'),
(114, 'DESTYFAINI DWI PUTRI P', '', '', '', NULL, '3.00', '3.75', '3.75', '3.75', '3.75', '4.00', '4.00', '3.75', '3.00'),
(115, 'MIFTAHUL HUDA', '', '', '', NULL, '3.75', '4.00', '4.00', '1.00', '3.75', '4.00', '4.00', '4.00', '2.75'),
(116, 'ADAM FATAHILLAH', '', '', '', NULL, '3.00', '3.00', '3.75', '3.75', '3.75', '4.00', '4.00', '4.00', '3.75'),
(117, 'NUR ANISA APRILIA', '', '', '', NULL, '3.25', '4.00', '3.25', '3.75', '3.25', '4.00', '4.00', '3.75', '4.00'),
(118, 'AGIED REZQYTA ABIDZAR', '', '', '', NULL, '2.25', '2.75', '3.75', '3.75', '0.00', '0.00', '4.00', '0.00', '4.00'),
(119, 'MUHAMMAD RAYHAN AL MALIK', '', '', '', NULL, '0.00', '4.00', '3.75', '4.00', '2.75', '4.00', '4.00', '3.75', '3.75'),
(120, 'JAMALUDIN FADLI', '', '', '', NULL, '3.00', '3.25', '2.75', '3.00', '3.00', '4.00', '2.75', '3.75', '4.00'),
(121, 'IKA REZKYWATI RAMADANI', '', '', '', NULL, '0.00', '2.25', '3.25', '3.00', '3.25', '4.00', '3.00', '3.75', '2.75'),
(122, 'MUHAMMAD FADLU RAHMAN', '', '', '', NULL, '4.00', '4.00', '4.00', '4.00', '4.00', '4.00', '4.00', '4.00', '4.00'),
(123, 'ANDI MUHAMMAD ASFIANDY', '', '', '', NULL, '3.25', '0.00', '3.75', '1.00', '4.00', '3.25', '3.00', '4.00', '2.75'),
(124, 'AIDIL MAULANA ASFAR', '', '', '', NULL, '0.00', '2.00', '3.75', '0.00', '4.00', '4.00', '3.25', '4.00', '1.75'),
(125, 'SINAR ARSILA', '', '', '', NULL, '3.25', '3.75', '3.25', '3.00', '4.00', '3.75', '4.00', '3.75', '3.00'),
(126, 'YERA NAFISY', '', '', '', NULL, '4.00', '4.00', '4.00', '4.00', '4.00', '3.75', '4.00', '4.00', '4.00'),
(127, 'PUTRI ANGRAENI', '', '', '', NULL, '4.00', '4.00', '3.75', '4.00', '4.00', '4.00', '4.00', '4.00', '4.00'),
(128, 'IQVHAN MUHQISAR', '', '', '', NULL, '3.75', '2.25', '4.00', '3.25', '4.00', '4.00', '4.00', '4.00', '3.00'),
(129, 'MUKHLISHAH AFDHALIYAH', '', '', '', NULL, '4.00', '3.00', '3.25', '3.75', '4.00', '4.00', '4.00', '4.00', '3.75'),
(130, 'EKA SABRINA MUSTAKIM', '', '', '', NULL, '4.00', '3.75', '4.00', '3.75', '4.00', '3.75', '4.00', '4.00', '4.00'),
(131, 'MUH NUR IRFAN', '', '', '', NULL, '3.75', '4.00', '3.00', '3.25', '4.00', '4.00', '4.00', '4.00', '3.00'),
(132, 'MUHAMMAD ARIEF MAULANA SAHABUD', '', '', '', NULL, '3.75', '3.25', '3.00', '3.25', '4.00', '3.75', '3.75', '4.00', '3.75'),
(133, 'NUR AULIA AMANDA', '', '', '', NULL, '4.00', '3.25', '3.75', '3.25', '4.00', '3.75', '3.75', '3.25', '4.00'),
(134, 'RACHMAT ALWI CESAR', '', '', '', NULL, '3.75', '3.00', '3.25', '3.00', '3.25', '3.00', '2.75', '0.00', '3.00'),
(135, 'ZAINAB ZAKIYAH ZAINAL', '', '', '', NULL, '3.75', '2.00', '2.00', '3.25', '4.00', '4.00', '4.00', '3.25', '3.00'),
(136, 'FAHRIANSYAH FITRIADY', '', '', '', NULL, '4.00', '3.00', '3.25', '2.75', '4.00', '3.75', '3.00', '4.00', '3.75'),
(137, 'RAHMATULLAH.T', '', '', '', NULL, '3.25', '2.25', '3.00', '0.00', '4.00', '0.00', '3.25', '0.00', '2.75'),
(138, 'PUTRI ANGRAENI BADAR', '', '', '', NULL, '3.75', '3.00', '4.00', '1.00', '4.00', '4.00', '4.00', '4.00', '4.00'),
(139, 'MUHAMMAD AHSIN THAHIR', '', '', '', NULL, '0.00', '2.00', '2.00', '3.25', '4.00', '3.75', '2.75', '4.00', '3.25'),
(140, 'MUHAMMAD NAUFAL MAZINI', '', '', '', NULL, '3.75', '2.25', '0.00', '1.75', '3.75', '4.00', '2.75', '0.00', '3.25'),
(141, 'AHMAD ALBAR', '', '', '', NULL, '4.00', '2.25', '3.00', '1.00', '4.00', '3.75', '3.00', '4.00', '3.00'),
(142, 'MUHAMMAD AKRAM', '', '', '', NULL, '4.00', '2.25', '3.75', '3.75', '4.00', '4.00', '4.00', '4.00', '3.25'),
(143, 'RAODATUL FADILAH', '', '', '', NULL, '4.00', '2.25', '3.75', '4.00', '4.00', '3.75', '3.75', '4.00', '3.75'),
(144, 'A.HAERUL FAJAR.S', '', '', '', NULL, '3.75', '3.00', '3.00', '3.00', '4.00', '4.00', '4.00', '4.00', '4.00'),
(145, 'FITRA SYAFIRA', '', '', '', NULL, '4.00', '3.25', '3.25', '3.00', '4.00', '4.00', '3.75', '4.00', '4.00'),
(146, 'RADEN HABIB MUHLISIN', '', '', '', NULL, '4.00', '4.00', '4.00', '4.00', '4.00', '4.00', '4.00', '4.00', '4.00');

-- --------------------------------------------------------

--
-- Struktur dari tabel `tb_penilaian`
--

CREATE TABLE `tb_penilaian` (
  `id_nilai` int(11) NOT NULL,
  `id_admin` int(11) NOT NULL,
  `id_mahasiswa` int(11) NOT NULL,
  `id_kriteria` int(11) NOT NULL,
  `nilai` int(11) NOT NULL
) ENGINE=InnoDB DEFAULT CHARSET=utf8mb4 COLLATE=utf8mb4_general_ci;

--
-- Dumping data untuk tabel `tb_penilaian`
--

INSERT INTO `tb_penilaian` (`id_nilai`, `id_admin`, `id_mahasiswa`, `id_kriteria`, `nilai`) VALUES
(2, 1, 2, 1, 90),
(3, 1, 3, 1, 89),
(4, 1, 4, 1, 88),
(5, 1, 5, 1, 85),
(6, 1, 6, 1, 68),
(7, 1, 7, 1, 68),
(8, 1, 8, 1, 83),
(9, 1, 9, 1, 78),
(10, 1, 10, 1, 65),
(11, 1, 11, 1, 68),
(12, 1, 12, 1, 85),
(13, 1, 13, 1, 80),
(14, 1, 14, 1, 89),
(15, 1, 15, 1, 75),
(16, 1, 16, 1, 78),
(17, 1, 17, 1, 85),
(18, 1, 18, 1, 55),
(19, 1, 19, 1, 65),
(20, 1, 20, 1, 70),
(21, 1, 21, 1, 68),
(22, 1, 22, 1, 75),
(23, 1, 23, 1, 90),
(24, 1, 24, 1, 73),
(25, 1, 25, 1, 80),
(26, 1, 26, 1, 78),
(27, 1, 27, 1, 85),
(28, 1, 28, 1, 60),
(29, 1, 29, 1, 70),
(30, 1, 30, 1, 80),
(31, 1, 31, 1, 78),
(32, 1, 32, 1, 85),
(33, 1, 33, 1, 68),
(34, 1, 34, 1, 88),
(35, 1, 35, 1, 73),
(36, 1, 36, 1, 67),
(37, 1, 37, 1, 78),
(38, 1, 38, 1, 90),
(39, 1, 39, 1, 77),
(40, 1, 40, 1, 63),
(41, 1, 41, 1, 69),
(42, 1, 42, 1, 87),
(43, 1, 43, 1, 59),
(44, 1, 44, 1, 76),
(45, 1, 45, 1, 85),
(46, 1, 46, 1, 68),
(47, 1, 47, 1, 60),
(48, 1, 48, 1, 83),
(49, 1, 49, 1, 78),
(50, 1, 50, 1, 88),
(51, 1, 51, 1, 76),
(52, 1, 2, 2, 76),
(53, 1, 3, 2, 85),
(54, 1, 4, 2, 86),
(55, 1, 5, 2, 85),
(56, 1, 6, 2, 60),
(57, 1, 7, 2, 65),
(58, 1, 8, 2, 80),
(59, 1, 9, 2, 70),
(60, 1, 10, 2, 60),
(61, 1, 11, 2, 67),
(62, 1, 12, 2, 80),
(63, 1, 13, 2, 78),
(64, 1, 14, 2, 85),
(65, 1, 15, 2, 75),
(66, 1, 16, 2, 75),
(67, 1, 17, 2, 80),
(68, 1, 18, 2, 50),
(69, 1, 19, 2, 60),
(70, 1, 20, 2, 65),
(71, 1, 21, 2, 60),
(72, 1, 22, 2, 75),
(73, 1, 23, 2, 88),
(74, 1, 24, 2, 70),
(75, 1, 25, 2, 78),
(76, 1, 26, 2, 75),
(77, 1, 27, 2, 80),
(78, 1, 28, 2, 55),
(79, 1, 29, 2, 70),
(80, 1, 30, 2, 78),
(81, 1, 31, 2, 75),
(82, 1, 32, 2, 85),
(83, 1, 33, 2, 66),
(84, 1, 34, 2, 85),
(85, 1, 35, 2, 70),
(86, 1, 36, 2, 66),
(87, 1, 37, 2, 75),
(88, 1, 38, 2, 88),
(89, 1, 39, 2, 74),
(90, 1, 40, 2, 60),
(91, 1, 41, 2, 67),
(92, 1, 42, 2, 85),
(93, 1, 43, 2, 57),
(94, 1, 44, 2, 75),
(95, 1, 45, 2, 85),
(96, 1, 46, 2, 65),
(97, 1, 47, 2, 58),
(98, 1, 48, 2, 80),
(99, 1, 49, 2, 78),
(100, 1, 50, 2, 88),
(101, 1, 51, 2, 75),
(102, 1, 2, 3, 56),
(103, 1, 3, 3, 90),
(104, 1, 4, 3, 80),
(105, 1, 5, 3, 88),
(106, 1, 6, 3, 60),
(107, 1, 7, 3, 62),
(108, 1, 8, 3, 81),
(109, 1, 9, 3, 75),
(110, 1, 10, 3, 58),
(111, 1, 11, 3, 60),
(112, 1, 12, 3, 84),
(113, 1, 13, 3, 80),
(114, 1, 14, 3, 87),
(115, 1, 15, 3, 70),
(116, 1, 16, 3, 73),
(117, 1, 17, 3, 80),
(118, 1, 18, 3, 50),
(119, 1, 19, 3, 59),
(120, 1, 20, 3, 68),
(121, 1, 21, 3, 62),
(122, 1, 22, 3, 70),
(123, 1, 23, 3, 85),
(124, 1, 24, 3, 70),
(125, 1, 25, 3, 75),
(126, 1, 26, 3, 70),
(127, 1, 27, 3, 80),
(128, 1, 28, 3, 58),
(129, 1, 29, 3, 72),
(130, 1, 30, 3, 78),
(131, 1, 31, 3, 70),
(132, 1, 32, 3, 85),
(133, 1, 33, 3, 65),
(134, 1, 34, 3, 87),
(135, 1, 35, 3, 70),
(136, 1, 36, 3, 60),
(137, 1, 37, 3, 74),
(138, 1, 38, 3, 90),
(139, 1, 39, 3, 72),
(140, 1, 40, 3, 56),
(141, 1, 41, 3, 65),
(142, 1, 42, 3, 88),
(143, 1, 43, 3, 50),
(144, 1, 44, 3, 73),
(145, 1, 45, 3, 87),
(146, 1, 46, 3, 60),
(147, 1, 47, 3, 55),
(148, 1, 48, 3, 85),
(149, 1, 49, 3, 75),
(150, 1, 50, 3, 90),
(151, 1, 51, 3, 77),
(152, 1, 2, 4, 10),
(153, 1, 3, 4, 85),
(154, 1, 4, 4, 78),
(155, 1, 5, 4, 85),
(156, 1, 6, 4, 55),
(157, 1, 7, 4, 60),
(158, 1, 8, 4, 78),
(159, 1, 9, 4, 73),
(160, 1, 10, 4, 56),
(161, 1, 11, 4, 60),
(162, 1, 12, 4, 80),
(163, 1, 13, 4, 78),
(164, 1, 14, 4, 85),
(165, 1, 15, 4, 67),
(166, 1, 16, 4, 70),
(167, 1, 17, 4, 80),
(168, 1, 18, 4, 49),
(169, 1, 19, 4, 55),
(170, 1, 20, 4, 65),
(171, 1, 21, 4, 60),
(172, 1, 22, 4, 68),
(173, 1, 23, 4, 80),
(174, 1, 24, 4, 68),
(175, 1, 25, 4, 70),
(176, 1, 26, 4, 68),
(177, 1, 27, 4, 78),
(178, 1, 28, 4, 55),
(179, 1, 29, 4, 68),
(180, 1, 30, 4, 75),
(181, 1, 31, 4, 67),
(182, 1, 32, 4, 83),
(183, 1, 33, 4, 62),
(184, 1, 34, 4, 85),
(185, 1, 35, 4, 72),
(186, 1, 36, 4, 58),
(187, 1, 37, 4, 70),
(188, 1, 38, 4, 88),
(189, 1, 39, 4, 70),
(190, 1, 40, 4, 55),
(191, 1, 41, 4, 60),
(192, 1, 42, 4, 87),
(193, 1, 43, 4, 50),
(194, 1, 44, 4, 70),
(195, 1, 45, 4, 85),
(196, 1, 46, 4, 58),
(197, 1, 47, 4, 50),
(198, 1, 48, 4, 83),
(199, 1, 49, 4, 77),
(200, 1, 50, 4, 87),
(201, 1, 51, 4, 71);

--
-- Indexes for dumped tables
--

--
-- Indeks untuk tabel `tb_admin`
--
ALTER TABLE `tb_admin`
  ADD PRIMARY KEY (`id_admin`);

--
-- Indeks untuk tabel `tb_clustering`
--
ALTER TABLE `tb_clustering`
  ADD PRIMARY KEY (`id_clustering`);

--
-- Indeks untuk tabel `tb_hasil_clustering_2`
--
ALTER TABLE `tb_hasil_clustering_2`
  ADD PRIMARY KEY (`id_mahasiswa`);

--
-- Indeks untuk tabel `tb_kriteria`
--
ALTER TABLE `tb_kriteria`
  ADD PRIMARY KEY (`id_kriteria`);

--
-- Indeks untuk tabel `tb_mahasiswa_2`
--
ALTER TABLE `tb_mahasiswa_2`
  ADD PRIMARY KEY (`id_mahasiswa`);

--
-- Indeks untuk tabel `tb_penilaian`
--
ALTER TABLE `tb_penilaian`
  ADD PRIMARY KEY (`id_nilai`);

--
-- AUTO_INCREMENT untuk tabel yang dibuang
--

--
-- AUTO_INCREMENT untuk tabel `tb_admin`
--
ALTER TABLE `tb_admin`
  MODIFY `id_admin` int(11) NOT NULL AUTO_INCREMENT, AUTO_INCREMENT=3;

--
-- AUTO_INCREMENT untuk tabel `tb_clustering`
--
ALTER TABLE `tb_clustering`
  MODIFY `id_clustering` int(11) NOT NULL AUTO_INCREMENT, AUTO_INCREMENT=10;

--
-- AUTO_INCREMENT untuk tabel `tb_hasil_clustering_2`
--
ALTER TABLE `tb_hasil_clustering_2`
  MODIFY `id_mahasiswa` int(11) NOT NULL AUTO_INCREMENT, AUTO_INCREMENT=147;

--
-- AUTO_INCREMENT untuk tabel `tb_kriteria`
--
ALTER TABLE `tb_kriteria`
  MODIFY `id_kriteria` int(11) NOT NULL AUTO_INCREMENT, AUTO_INCREMENT=10;

--
-- AUTO_INCREMENT untuk tabel `tb_mahasiswa_2`
--
ALTER TABLE `tb_mahasiswa_2`
  MODIFY `id_mahasiswa` int(11) NOT NULL AUTO_INCREMENT, AUTO_INCREMENT=148;

--
-- AUTO_INCREMENT untuk tabel `tb_penilaian`
--
ALTER TABLE `tb_penilaian`
  MODIFY `id_nilai` int(11) NOT NULL AUTO_INCREMENT, AUTO_INCREMENT=202;
COMMIT;

/*!40101 SET CHARACTER_SET_CLIENT=@OLD_CHARACTER_SET_CLIENT */;
/*!40101 SET CHARACTER_SET_RESULTS=@OLD_CHARACTER_SET_RESULTS */;
/*!40101 SET COLLATION_CONNECTION=@OLD_COLLATION_CONNECTION */;
